id,title,brand,price,price_text,rating,review_count,availability,category_name,category_id,subcategory
B0C9Y4SSZT,"Virtual Reality Headset for Phone with Controller, 3D VR Glasses Adjustable VR Virtual Reality Goggles, Compatible 4.7-6.5 inch for iPhone & Android, for Movies Games（Black）",AIMAKE,23.99,$23.99,4.6,25,In Stock,virtual_reality_(vr)_headsets_14775002011,14775002011,mandos
B0006NAS7G,"22 in 1 Precision Cleaning Kit – Professional Electronic Device Cleaning Tools for Phone, airPods Headset, Keyboards, Cameras, Laptop & More",LANRXS,9.9,$9.90,4.4,11,In Stock,cleaning_equipment_172426,172426,ordenadores
B07PPDR5NT,"Hollyland Lark M2S Combo (Camera RX+USB-C RX+ Lightning Cable) Wireless Microphone for iPhone/Camera/Android/PC, Titanium Clip, Noise Cancelling, 30H Use, Vlog, Interview, Content Creation",HOLLYVIEW,139.0,$139.00,4.6,1125,In Stock,microphones_accessories_11974521,11974521,ordenadores
B0FJFGLX5V,"Oculus Quest 2 Advanced All-in-One Virtual Reality Gmaing VR Headset 128GB Set, White (Renewed)",AMAZON RENEWED,9.97,$9.97,4.4,13,This item cannot be shipped to your selected delivery location. Please choose a different delivery location.,virtual_reality_(vr)_headsets_14775002011,14775002011,cascos
B00K6C73ES,"Haoge DSLR & Mirrorless Camera Lens Cleaner - Electrostatic Brush for Vinyl Records, LP Scans, SLR & Computer Screens - Super Soft Goat Hair",HAOGE,9.99,$9.99,4.5,112,In Stock,cleaning_equipment_172426,172426,ordenadores
B0DWFL71WQ,"Uinkit Self-Adhesive Laminating Sheets, 4Mil 10 PCS 8.7 x 12.2 Inches Clear Self Sealing Laminating Sheets, Suitable for 8.5x11 inches Letter Size, No Machine Needed",UINKIT,6.39,$6.39,4.6,889,In Stock,laminating_supplies_300341,300341,ordenadores
B0DT9VWL29,"XINGO 16 Inch Black Large Zip Ties Heavy Duty 100 PCS, 200 LBS Ultra Strong Plastic Wire Ties, Large Cable Ties Extra Long Tie Wraps, Indoor and Outdoor UV Resistant",XINGO,8.99,$8.99,4.7,2889,This item cannot be shipped to your selected delivery location. Please choose a different delivery location.,cable_ties_507844,507844,ordenadores
B0D7W7893G,"25 Pcs Silicone Cable Ties, Reusable Cable Straps Wire Organizer, Cable Management Cord Organizer for Fastening Earphone Phone Charger Home Office Desk Kitchen Appliances Cable Cords Wires",RUGLAMZHIP,6.28,$6.28,4.7,337,In Stock,cable_straps_6577540011,6577540011,ordenadores
B0DY1MY3WD,"50 Pcs Webcam Cover Slide, 0.023 Inch Ultra-Thin Universal Laptop Camera Cover Slide Webcam Cover for Laptop, Computer(Black)",JJUNW,5.79,$5.79,4.1,28,In Stock,camera_privacy_covers_21103668011,21103668011,ordenadores
B00DA38C3G,Pixel e-TTL Flash Hot Shoe Adapter with Extra PC Sync Port for Canon DSLRs and Flashguns,PIXEL,21.99,$21.99,4.1,776,In Stock,flash_accessories_3346401,3346401,ordenadores
B0F2122TRK,QDiShi 10 Pcs Radar Detectors Suction Cups for Clear Cobra Escort and Beltronics Radar Detector Mount,QDISHI,5.98,$5.98,4.3,511,In Stock,radar_detectors_172529,172529,ordenadores
B0C9ZRLFKQ,"40FT 0 Gauge Wire Copper Clad Aluminum,1/0 Battery Cable,20pcs Lugs Terminal Connectors with 3:1Heat Shrink Tube for Amp,Inverter,Winch,Reducer,Starter,Solar Power,DC Wiring",RUIKARHOP,59.99,$59.99,4.5,222,In Stock,car_electronics_12954881,12954881,ordenadores
B0F6CX5LYR,"100pcs Cable Zip Ties Heavy Duty 12 Inch, Premium Plastic Wire Ties with 50 Pounds Tensile Strength, Self-Locking Black Nylon Zip Ties for Indoor and Outdoor",HMROPE,7.99,$7.99,4.3,9986,This item cannot be shipped to your selected delivery location. Please choose a different delivery location.,cable_ties_507844,507844,ordenadores
B0D968NQ3X,"1pcs Phone Screen Auto Clicker Tapper Fast Click Simulation Finger Continuous Click for Games, Live Broadcasts Likes",ZEZEFUFU,10.99,$10.99,5.0,0,This item cannot be shipped to your selected delivery location. Please choose a different delivery location.,power_protection_2223901011,2223901011,ordenadores
B0FF9XXRF3,"EasySMX X20 Wireless Gaming Controller with RGB Backlit, 2-Stage Hall Effect Sticks, 1000Hz Polling Rate, 6-Axis Gyro on Multi-Platform, Mech Buttons- Compatible with PC/Switch/Steam/Android",EASYSMX,53.99,$53.99,4.0,1808,In Stock,gaming_accessories_21209102011,21209102011,mandos
B06XKRSH6X,"Celestron 18778 2 Amp AC Adapter - Powers Computerised Telescopes, Includes US/UK/EU and AU Adapter Plugs, Black",CELESTRON,29.99,$29.99,4.6,1999,In Stock,telescope_microscope_accessories_7161068011,7161068011,ordenadores
B0F842TDDD,Poly Voyager Legend Wireless Headset (Plantronics) - Single-Ear Bluetooth w/Noise-Canceling Mic - Voice Controls - Mute & Volume Buttons - Ergonomic Design -Connect to Mobile/Tablet via Bluetooth -FFP,POLY,70.0,$70.00,4.2,22980,Unknown,single_ear_bluetooth_headsets_18021376011,18021376011,cascos
B09JG62KDJ,"FIFINE Gaming USB Microphone for PC PS5, Condenser Mic with Quick Mute, RGB Indicator, Tripod Stand, Pop Filter, Shock Mount, Gain Control for Streaming Discord Twitch Podcasts Videos- AmpliGame",FIFINE,32.99,$32.99,4.6,12953,In Stock,microphones_accessories_11974521,11974521,ordenadores
B0BYD5TDVP,Iridescent Party Streamers Backdrop - GREATRIL Neon Transparent Holographic Tinsel Foil Fringe Curtain for Mermaid/Frozen/Sea/Euphoria/ERAS Party Theme Decorations 3.2ft x 6.5ft 2 PCS,GREATRIL,32.99,$32.99,4.6,8259,This item cannot be shipped to your selected delivery location. Please choose a different delivery location.,lighting_studio_7161086011,7161086011,ordenadores
B0D8VVQFQW,"3PCS Crystal Beaded Phone Charms, Acrylic Cell Phone Wrist Strap, Classic Phone Charms Strap, Charms for phone case, Stationery Decoration Charm, Keychain Bracelet Strap for Camera Key Purse for Women",HIZEMLK,16.995,$16.995,4.3,58,In Stock,décor_21209101011,21209101011,ordenadores
B01JQQCTQQ,"walrfid Laptop Phone Screen Cleaner Kit, Computer Keyboard Brush Cleaning Spray for iPhone AirPods MacBook iPad, 20-in-1 Electronic Device Clean Tool for Camera Earbud Car Screens (White)",WALRFID,12.91,$12.91,4.5,1006,In Stock,cleaning_equipment_172426,172426,ordenadores
B0DSHVS56G,"Fuse Reel The Side Kick Collapsible Charger Organizer and Travel Accessory,Usb-c, Compatible with MacBook and PC Charging Cords and Adapter Cable Management White",FUSE,14.99,$14.99,4.5,1471,In Stock,cord_reels_495306,495306,ordenadores
B09YH2HPD3,"Yealink WH64 Mono Teams Wireless Headset, DECT & Bluetooth Dual-Mode 606 ft Range Headphones with 3X Mic, 26 Talk Time, Office Work Headset for Desk IP Phone, PC,Cell Phone",YEALINK,179.0,$179.00,4.1,147,In Stock,telephone_accessories_172607,172607,ordenadores
B0BB9MR9YQ,FocusFoto PRO 6.6 Inch Rubber Rocket Air Blower Duster Cleaner Dust Cleaning for DSLR Camera CCD Lens Keyboard Red,FOCUSFOTO,8.98,$8.98,4.6,434,In Stock,cleaning_equipment_172426,172426,teclados
B075K3724X,Eartec 3.7V Rechargeable Lithium Ion Battery for Ultralite headsets and HUB Stations (LX600LI),EARTEC,22.0,$22.00,4.6,242,In Stock,headsets_229193,229193,cascos
B099K9HXKB,Replacement Controller Battery Covers for META Quest 3 3/S (Bambu Green),GENERIC,14.99,$14.99,4.8,0,This item cannot be shipped to your selected delivery location. Please choose a different delivery location.,virtual_reality_(vr)_headsets_14775002011,14775002011,mandos
B01B0TX6UA,UES FFR24: Full Frame Camera Cleaning Kit 14pcs Sensor Cleaning Swab and 15ml Cleaner Compatible for Sony Nikon Canon FF CCD CMOS Clean,UES,19.0,$19.00,4.7,3902,In Stock,cleaning_equipment_172426,172426,ordenadores
B0D4LD5S1C,"Yealink Bluetooth Headset BH71 Pro,Teams Zoom Certified,Bluetooth Earpiece with Noise Canceling Microphones,Wireless Single Ear Headset with Charging Case,Connect Mobile/Mac/PC,USB-A Dongle",YEALINK,107.9,$107.90,4.4,89,In Stock,single_ear_bluetooth_headsets_18021376011,18021376011,ordenadores
B0F43YJ85S,"200 Pcs Disposable VR Face Mask Breathable Cover for VR Nonwoven Fabric Sanitary Eye Mask, Eye Cover Pad(White)",SAYSUREY,26.99,$26.99,5.0,2,In Stock,virtual_reality_(vr)_headsets_14775002011,14775002011,ordenadores
