id,title,brand,price,price_text,rating,review_count,availability,category_name,category_id,url,scraped_at,description,features_text,images_text,tech_ac_adapter_current,tech_age_range_(description),tech_age_range_description,tech_asin,"tech_asin
____________________________________________‏",tech_assembly_required,tech_audio_driver_type,tech_audio_jack,tech_audio_sensitivity,tech_batteries,"tech_batteries
____________________________________________‏",tech_batteries_included?,tech_batteries_required?,tech_battery_capacity,tech_battery_life,tech_battery_type,tech_best_sellers_rank,tech_bluetooth_range,tech_bluetooth_version,tech_brand,tech_brand_name,tech_bulb_base,tech_cable_feature,tech_cable_length,tech_cable_type,tech_capacity,tech_capacity_total,tech_carrying_case_material,tech_charging_time,tech_closure_type,tech_color,tech_color_name,tech_compatibility_options,tech_compatible_devices,tech_compatible_headphone_models,tech_compatible_phone_models,tech_connectivity_technologies,tech_connectivity_technology,tech_connector_gender,tech_connector_type,tech_contact_material,tech_control_method,tech_control_type,tech_controller_type,tech_customer_package_type,tech_customer_reviews,tech_data_transfer_rate,tech_date_first_available,"tech_date_first_available
____________________________________________‏",tech_department,"tech_department
____________________________________________‏",tech_display_resolution,tech_earpiece_shape,tech_efficiency,tech_ethernet_cable_category,tech_expansion,tech_finish,tech_finish_type,tech_finish_types,tech_fixture_type,tech_form_factor,tech_frequency_range,tech_frequency_response,tech_furniture_finish,tech_global_trade_identification_number,tech_grip_type,tech_handle_material,tech_handle_type,tech_hardware_interface,tech_hardware_platform,tech_headphones_jack,tech_impedance,tech_included_components,tech_includes_mp3_player?,tech_indoor/outdoor_usage,tech_ink_color,tech_input_voltage,tech_installation_type,tech_is_discontinued_by_manufacturer,"tech_is_discontinued_by_manufacturer
____________________________________________‏",tech_is_waterproof,tech_item_dimensions__lxwxh,tech_item_dimensions_l_x_w_x_h,tech_item_length,tech_item_model_number,"tech_item_model_number
____________________________________________‏",tech_item_package_dimensions_l_x_w_x_h,tech_item_package_quantity,tech_item_weight,tech_language,"tech_language
____________________________________________‏",tech_lens_material,tech_light_color,tech_light_fixture_form,tech_light_source_type,tech_lighting_method,tech_lock_type,tech_magnification_strength,tech_manufacturer,"tech_manufacturer
____________________________________________‏",tech_manufacturer_part_number,tech_material,tech_material_feature,tech_material_type,tech_material_type_free,tech_maximum_diameter,tech_maximum_power,tech_maximum_range,tech_maximum_voltage,tech_maximum_weight_capacity,tech_microphone_form_factor,tech_model,tech_model_name,tech_mounting_type,tech_no._of_wires,tech_number_of_batteries,tech_number_of_cable_strands,tech_number_of_channels,tech_number_of_circuits,tech_number_of_compartments,tech_number_of_drawers,tech_number_of_items,tech_number_of_light_sources,tech_number_of_pieces,tech_number_of_pins,tech_number_of_power_levels,tech_number_of_shelves,tech_operation_mode,tech_os,tech_other_display_features,tech_outer_material,tech_output_voltage,tech_package_dimensions,"tech_package_dimensions
____________________________________________‏",tech_package_weight,tech_page_yield,tech_part_number,tech_pattern,tech_pocket_description,tech_point_type,tech_power_source,tech_printer_model_compatibility,tech_product_care_instructions,tech_product_dimensions,"tech_product_dimensions
____________________________________________‏",tech_ram,tech_read_speed,tech_recommended_uses_for_product,tech_release_date,tech_reusability,tech_room_type,tech_secure_digital_association_speed_class,tech_sensitivity,tech_series,tech_series_number,tech_shade_color,tech_shade_material,tech_shape,tech_sheet_size,tech_shelf_thickness,tech_shell_type,tech_signal-to-noise_ratio,tech_size,tech_speaker_size,tech_speaker_type,tech_special_feature,tech_special_features,tech_specific_uses_for_product,tech_specification_met,tech_style,tech_subwoofer_connectivity_technology,tech_suggested_users,tech_surround_sound_channel_configuration,tech_switch_style,tech_switch_type,tech_target_audience_keyword,tech_temperature_rating,tech_tensile_strength,tech_terminal,tech_tweeter_diameter,tech_type_of_item,tech_unit_count,tech_upc,"tech_upc
____________________________________________‏",tech_usage,tech_vehicle_service_type,tech_voltage,tech_warranty,tech_warranty_description,tech_warranty_type,tech_water_resistance_level,tech_wattage,tech_weight,tech_weight_capacity,tech_weight_limit,tech_whats_in_the_box,tech_wireless_communication_technology,tech_woofer_diameter,tech_write_speed,rank_1_category,rank_1_position,rank_2_category,rank_2_position,features,images,ranks,technical_details
